-- phpMyAdmin SQL Dump
-- version 4.8.5
-- https://www.phpmyadmin.net/
--
-- Host: localhost
-- Generation Time: May 04, 2019 at 09:18 AM
-- Server version: 10.1.38-MariaDB
-- PHP Version: 7.1.28

SET SQL_MODE = "NO_AUTO_VALUE_ON_ZERO";
SET AUTOCOMMIT = 0;
START TRANSACTION;
SET time_zone = "+00:00";


/*!40101 SET @OLD_CHARACTER_SET_CLIENT=@@CHARACTER_SET_CLIENT */;
/*!40101 SET @OLD_CHARACTER_SET_RESULTS=@@CHARACTER_SET_RESULTS */;
/*!40101 SET @OLD_COLLATION_CONNECTION=@@COLLATION_CONNECTION */;
/*!40101 SET NAMES utf8mb4 */;

--
-- Database: `foodnet`
--

-- --------------------------------------------------------

--
-- Table structure for table `items`
--

CREATE TABLE `items` (
  `id` int(11) NOT NULL,
  `name` varchar(30) NOT NULL,
  `food_details` varchar(500) NOT NULL,
  `price` int(11) NOT NULL,
  `deleted` tinyint(4) NOT NULL DEFAULT '0'
) ENGINE=InnoDB DEFAULT CHARSET=latin1;

--
-- Dumping data for table `items`
--

INSERT INTO `items` (`id`, `name`, `food_details`, `price`, `deleted`) VALUES
(1, 'Nasi Lemak', 'Nasi lemak is a Malay fragrant rice dish cooked in coconut milk, pandan leaf and served with sambal', 4, 0),
(2, 'Fried Rice Special', 'Popular rice dish consisting of generous portions of shrimps, beef, and chicken along with the eggs and vegetables', 5, 0),
(3, 'Wan Tan Ho', 'Flat rice noodles fried in soy sauce and top with a rich gravy', 7, 0),
(4, 'Kinabalu Fried Chicken', 'Consisting of chicken pieces which have been made by homemade recipe', 8, 0),
(5, 'Special Fish Soup', 'Fish soup is a food made by combining fish or seafood with vegetables and stock, juice, water, or another liquid', 12, 0),
(6, 'Nasi Kerabu', 'Rice dish is distinct for its blue rice served with fried chicken, egg, and fried keropok', 5, 0),
(7, 'Hainanese Chicken Rice', 'Braised, silky chicken served on a bed of rice that has been cooked with chicken broth', 7, 0),
(8, 'Asam Laksa', 'Rice noodles served in sour tamarind broth peppered with mackerel and vegetable garnishing', 5, 0),
(9, 'Roti Canai', 'A serving of roti canai is accompanied by three dipping sauces of varying levels of spiciness', 2, 0),
(10, 'Satay', 'Served with cubes of rice and peanut drid is available in chicken, lamb, and beef', 1, 0);

-- --------------------------------------------------------

--
-- Table structure for table `orders`
--

CREATE TABLE `orders` (
  `id` int(11) NOT NULL,
  `customer_id` int(11) NOT NULL,
  `address` varchar(300) NOT NULL,
  `description` varchar(300) NOT NULL,
  `date` datetime NOT NULL DEFAULT CURRENT_TIMESTAMP,
  `payment_type` varchar(16) NOT NULL DEFAULT 'Wallet',
  `total` int(11) NOT NULL,
  `status` varchar(25) NOT NULL DEFAULT 'Yet to be delivered',
  `deleted` tinyint(4) NOT NULL DEFAULT '0'
) ENGINE=InnoDB DEFAULT CHARSET=latin1;

--
-- Dumping data for table `orders`
--

INSERT INTO `orders` (`id`, `customer_id`, `address`, `description`, `date`, `payment_type`, `total`, `status`, `deleted`) VALUES
(1, 2, '20, Taman Sentosa, Inanam', 'Add chili sauce', '2019-03-28 17:32:41', 'Wallet', 150, 'Yet to be delivered', 0),
(2, 2, 'Lot 23, Taman Permai', '', '2019-03-28 17:43:05', 'Wallet', 130, 'Cancelled by Customer', 1),
(3, 3, 'EcoPark, Sepanggar', 'Less salt', '2019-03-28 19:49:33', 'Cash On Delivery', 130, 'Yet to be delivered', 0),
(4, 3, 'EcoPark, Sepanggar', '', '2019-03-28 19:52:01', 'Cash On Delivery', 130, 'Cancelled by Customer', 1),
(5, 3, '45, Bangunan Merdeka', '', '2019-03-28 20:47:28', 'Wallet', 285, 'Paused', 0),
(6, 3, 'Suria Mart, Penanmpang', '', '2019-03-30 00:43:31', 'Wallet', 325, 'Cancelled by Customer', 1);

-- --------------------------------------------------------

--
-- Table structure for table `order_details`
--

CREATE TABLE `order_details` (
  `id` int(11) NOT NULL,
  `order_id` int(11) NOT NULL,
  `item_id` int(11) NOT NULL,
  `quantity` int(11) NOT NULL,
  `price` int(11) NOT NULL
) ENGINE=InnoDB DEFAULT CHARSET=latin1;

--
-- Dumping data for table `order_details`
--

INSERT INTO `order_details` (`id`, `order_id`, `item_id`, `quantity`, `price`) VALUES
(1, 1, 2, 2, 90),
(2, 1, 3, 3, 60),
(3, 2, 2, 2, 90),
(4, 2, 3, 2, 40),
(5, 3, 2, 2, 90),
(6, 3, 3, 2, 40),
(7, 4, 2, 2, 90),
(8, 4, 3, 2, 40),
(9, 5, 2, 5, 225),
(10, 5, 3, 2, 40),
(11, 5, 5, 1, 20),
(12, 6, 2, 5, 225),
(13, 6, 3, 3, 60),
(14, 6, 5, 2, 40);

-- --------------------------------------------------------

--
-- Table structure for table `users`
--

CREATE TABLE `users` (
  `id` int(11) NOT NULL,
  `role` varchar(15) NOT NULL DEFAULT 'Customer',
  `name` varchar(15) NOT NULL,
  `username` varchar(10) NOT NULL,
  `password` varchar(16) NOT NULL,
  `email` varchar(35) DEFAULT NULL,
  `address` varchar(300) DEFAULT NULL,
  `contact` bigint(11) NOT NULL,
  `verified` tinyint(1) NOT NULL DEFAULT '0',
  `deleted` tinyint(4) NOT NULL DEFAULT '0'
) ENGINE=InnoDB DEFAULT CHARSET=latin1;

--
-- Dumping data for table `users`
--

INSERT INTO `users` (`id`, `role`, `name`, `username`, `password`, `email`, `address`, `contact`, `verified`, `deleted`) VALUES
(1, 'Administrator', 'Admin 1', 'root', 'toor', '', 'Inanam', 1245559001, 1, 0),
(2, 'Customer', 'Abu Alimah', 'user1', 'pass1', 'abu@hotmail.com', 'Lot 23, Taman Permai, Menggatal', 1134567899, 1, 0),
(3, 'Customer', 'Kao Pan Tin', 'user2', 'pass2', 'tinpan@gmail.com', 'EcoPark, Sepanggar', 184560099, 1, 0),
(4, 'Customer', 'Dephr', 'user3', 'pass3', '', '', 1457400311, 0, 0),
(5, 'Customer', 'Black Robert', 'user4', 'pass4', '', '', 134552001, 0, 1);

-- --------------------------------------------------------

--
-- Table structure for table `wallet`
--

CREATE TABLE `wallet` (
  `id` int(11) NOT NULL,
  `customer_id` int(11) NOT NULL
) ENGINE=InnoDB DEFAULT CHARSET=latin1;

--
-- Dumping data for table `wallet`
--

INSERT INTO `wallet` (`id`, `customer_id`) VALUES
(1, 1),
(2, 2),
(3, 3),
(4, 4),
(5, 5);

-- --------------------------------------------------------

--
-- Table structure for table `wallet_details`
--

CREATE TABLE `wallet_details` (
  `id` int(11) NOT NULL,
  `wallet_id` int(11) NOT NULL,
  `number` varchar(16) NOT NULL,
  `cvv` int(3) NOT NULL,
  `balance` int(11) NOT NULL DEFAULT '2000'
) ENGINE=InnoDB DEFAULT CHARSET=latin1;

--
-- Dumping data for table `wallet_details`
--

INSERT INTO `wallet_details` (`id`, `wallet_id`, `number`, `cvv`, `balance`) VALUES
(1, 1, '6155247490533921', 983, 3430),
(2, 2, '1887587142382050', 772, 1850),
(3, 3, '4595809639046830', 532, 1585),
(4, 4, '5475856443351234', 521, 2000),
(5, 5, '9076633115663264', 229, 2000);

--
-- Indexes for dumped tables
--

--
-- Indexes for table `items`
--
ALTER TABLE `items`
  ADD PRIMARY KEY (`id`),
  ADD UNIQUE KEY `name` (`name`),
  ADD UNIQUE KEY `id` (`id`);

--
-- Indexes for table `orders`
--
ALTER TABLE `orders`
  ADD PRIMARY KEY (`id`),
  ADD UNIQUE KEY `id` (`id`),
  ADD KEY `customer_id` (`customer_id`);

--
-- Indexes for table `order_details`
--
ALTER TABLE `order_details`
  ADD PRIMARY KEY (`id`),
  ADD UNIQUE KEY `id` (`id`),
  ADD KEY `item_id` (`item_id`),
  ADD KEY `order_id` (`order_id`);

--
-- Indexes for table `users`
--
ALTER TABLE `users`
  ADD PRIMARY KEY (`id`),
  ADD UNIQUE KEY `username` (`username`),
  ADD UNIQUE KEY `id` (`id`);

--
-- Indexes for table `wallet`
--
ALTER TABLE `wallet`
  ADD PRIMARY KEY (`id`),
  ADD UNIQUE KEY `customer_id` (`customer_id`),
  ADD UNIQUE KEY `id` (`id`);

--
-- Indexes for table `wallet_details`
--
ALTER TABLE `wallet_details`
  ADD PRIMARY KEY (`id`),
  ADD UNIQUE KEY `wallet_id` (`wallet_id`),
  ADD UNIQUE KEY `id` (`id`);

--
-- AUTO_INCREMENT for dumped tables
--

--
-- AUTO_INCREMENT for table `items`
--
ALTER TABLE `items`
  MODIFY `id` int(11) NOT NULL AUTO_INCREMENT, AUTO_INCREMENT=11;

--
-- AUTO_INCREMENT for table `orders`
--
ALTER TABLE `orders`
  MODIFY `id` int(11) NOT NULL AUTO_INCREMENT, AUTO_INCREMENT=7;

--
-- AUTO_INCREMENT for table `order_details`
--
ALTER TABLE `order_details`
  MODIFY `id` int(11) NOT NULL AUTO_INCREMENT, AUTO_INCREMENT=15;

--
-- AUTO_INCREMENT for table `users`
--
ALTER TABLE `users`
  MODIFY `id` int(11) NOT NULL AUTO_INCREMENT, AUTO_INCREMENT=6;

--
-- AUTO_INCREMENT for table `wallet`
--
ALTER TABLE `wallet`
  MODIFY `id` int(11) NOT NULL AUTO_INCREMENT, AUTO_INCREMENT=6;

--
-- AUTO_INCREMENT for table `wallet_details`
--
ALTER TABLE `wallet_details`
  MODIFY `id` int(11) NOT NULL AUTO_INCREMENT, AUTO_INCREMENT=6;

--
-- Constraints for dumped tables
--

--
-- Constraints for table `orders`
--
ALTER TABLE `orders`
  ADD CONSTRAINT `orders_ibfk_1` FOREIGN KEY (`customer_id`) REFERENCES `users` (`id`);

--
-- Constraints for table `order_details`
--
ALTER TABLE `order_details`
  ADD CONSTRAINT `order_details_ibfk_1` FOREIGN KEY (`item_id`) REFERENCES `items` (`id`),
  ADD CONSTRAINT `order_details_ibfk_2` FOREIGN KEY (`order_id`) REFERENCES `orders` (`id`);

--
-- Constraints for table `wallet`
--
ALTER TABLE `wallet`
  ADD CONSTRAINT `wallet_ibfk_1` FOREIGN KEY (`customer_id`) REFERENCES `users` (`id`);

--
-- Constraints for table `wallet_details`
--
ALTER TABLE `wallet_details`
  ADD CONSTRAINT `wallet_details_ibfk_1` FOREIGN KEY (`wallet_id`) REFERENCES `wallet` (`id`);
COMMIT;

/*!40101 SET CHARACTER_SET_CLIENT=@OLD_CHARACTER_SET_CLIENT */;
/*!40101 SET CHARACTER_SET_RESULTS=@OLD_CHARACTER_SET_RESULTS */;
/*!40101 SET COLLATION_CONNECTION=@OLD_COLLATION_CONNECTION */;
